Doyle, Hector, female, blue, 02/08/1936
English, Hamish, male, yellow, 01/11/2012
Mejia, Rudyard, female, red, 01/10/1945
Stewart, Nelle, female, indigo, 02/17/1962
Washington, Jack, female, yellow, 11/05/2020
Bryan, Madeson, female, violet, 05/13/1960
Pearson, Marshall, female, green, 04/21/1908
Stout, Mollie, female, violet, 09/18/2005
Soto, Timothy, male, violet, 07/11/1941
Buckner, Lilah, male, green, 09/24/1997
Knapp, Jerome, female, violet, 08/10/1991
Perez, Daniel, male, blue, 05/22/1964
Wood, Ayanna, female, orange, 06/06/1943
Burks, Adena, male, indigo, 10/14/1918
Vang, Byron, male, yellow, 04/26/1920
Maldonado, Caesar, male, violet, 01/16/1915
Lott, Laith, male, red, 07/06/2001
Yates, Oliver, male, red, 01/13/2004
Strickland, Yardley, female, green, 04/08/1995
Mcfarland, Aiko, female, yellow, 06/22/1954
Medina, Tashya, female, violet, 11/24/1974
Kane, Nerea, male, violet, 03/27/1911
Horton, Jermaine, female, indigo, 11/26/1916
Mendez, Prescott, female, yellow, 10/07/1978
Morin, Nevada, female, red, 03/19/2021
Glenn, Fay, male, yellow, 11/02/1956
Bond, Laith, male, yellow, 04/26/1940
Huber, Ignatius, female, indigo, 12/08/1978
Grant, Madison, female, green, 12/02/1900
Ferrell, Megan, male, yellow, 11/17/1988
Montoya, Yen, female, blue, 04/19/1934
Mclaughlin, Josephine, male, indigo, 09/22/1934
Pickett, Athena, male, red, 10/14/1999
Sutton, Aaron, male, indigo, 06/06/1915
Gutierrez, Gail, male, violet, 04/07/1901
Burnett, Alisa, female, orange, 04/19/2022
Benjamin, Garrison, male, orange, 07/15/1975
Carter, Grant, male, orange, 03/13/1946
Todd, Abdul, male, yellow, 09/01/2020
Green, Jocelyn, male, green, 02/02/1963
Gay, Oprah, male, indigo, 08/03/1985
Oneil, Lane, male, blue, 06/16/2019
Finch, Macey, female, yellow, 08/14/1984
Lopez, Wyatt, female, blue, 08/18/2019
Burnett, Prescott, male, blue, 09/04/1905
Kinney, Palmer, female, indigo, 06/28/1929
Wilcox, Larissa, female, blue, 12/17/2003
Burke, Zephr, female, orange, 05/25/1987
Richards, Jackson, female, green, 09/10/1901
Lindsey, Orson, female, orange, 11/08/1935
Underwood, Jelani, male, green, 03/27/1904
Cox, Ferris, male, red, 08/17/1995
Curtis, Petra, male, indigo, 04/04/1952
Mccoy, Gray, female, yellow, 11/04/2007
Hall, Clinton, male, violet, 07/03/1997
Espinoza, Ursula, male, blue, 08/15/1941
Massey, Addison, male, violet, 08/09/1959
Mccullough, Tate, female, orange, 11/13/1993
Mason, Conan, male, orange, 07/28/1900
Lambert, Colt, female, violet, 05/26/1977
Dunn, Jerome, female, blue, 11/30/1952
Good, Kelsey, male, yellow, 11/10/2016
Harper, Isadora, female, violet, 11/16/1945
Pierce, Sloane, male, violet, 10/27/1958
Velez, Walter, female, red, 09/25/1986
Wilson, Zane, female, green, 09/22/1957
Lambert, Kasimir, female, blue, 04/30/1972
Calderon, Kylie, female, violet, 03/03/1936
Ayala, Nehru, male, indigo, 09/24/1996
Nixon, Nero, male, green, 05/27/2018
Fitzgerald, Kennedy, male, yellow, 07/17/1953
Richardson, Keelie, female, yellow, 03/31/1927
Compton, Kellie, male, indigo, 04/28/1989
Ferrell, Nicole, male, yellow, 06/21/1910
Hardin, Calvin, female, red, 10/05/1917
Ashley, Hashim, female, orange, 04/20/1968
Barton, Yen, male, indigo, 05/29/1978
Wiggins, Olympia, male, indigo, 04/12/1918
Morin, Malachi, female, violet, 02/21/1986
Bush, Hedda, male, green, 02/28/1956
Perez, Mariam, male, blue, 05/28/1946
Estes, Patience, male, red, 10/20/1932
Michael, Sierra, female, blue, 04/14/2012
Bass, William, female, orange, 08/06/1974
Mccullough, Hedwig, female, indigo, 01/11/1917
Duke, Austin, female, indigo, 07/11/1929
Humphrey, Nero, female, indigo, 01/27/1950
Hogan, Vladimir, female, violet, 09/28/2021
Brooks, Iola, male, green, 08/25/1938
Wilkinson, Elton, female, yellow, 12/06/1981
Guy, Fredericka, female, red, 11/11/1979
Baird, Anastasia, female, blue, 11/06/2001
Sheppard, Seth, male, orange, 01/13/1904
Rush, Hall, female, violet, 03/11/1953
Sloan, Lynn, male, violet, 08/23/1991
Acosta, Lenore, male, blue, 09/22/1958
Hunter, Palmer, male, indigo, 04/03/1964
Barton, Allistair, male, red, 05/02/1940
Williamson, Zelda, female, blue, 10/18/1901
Holden, Scarlett, male, red, 07/16/1915
