Peck | Germaine | female | indigo | 06/26/1990
Mills | Hoyt | female | yellow | 09/08/1919
Young | Karyn | female | indigo | 11/08/1997
Leblanc | Courtney | female | violet | 01/31/1979
Dunlap | Kenyon | male | indigo | 03/17/2013
Orr | Yoshio | male | orange | 03/28/1923
Flowers | Armand | male | yellow | 08/09/2006
Kelly | Leah | male | green | 05/30/1978
Wilson | Jonah | male | blue | 08/18/1978
Cox | Shaeleigh | male | green | 09/25/2016
Ferguson | Tara | male | blue | 01/26/1933
Acevedo | Kathleen | male | blue | 08/01/1945
Bonner | Eric | female | yellow | 10/29/1901
Pena | Briar | male | violet | 07/10/1964
Fisher | Olivia | male | yellow | 09/03/1931
Sampson | Alvin | male | blue | 06/27/1986
Chaney | Murphy | male | green | 04/13/2015
Moon | Constance | male | blue | 04/26/1923
Winters | Meghan | male | yellow | 08/23/1912
Washington | Kalia | female | yellow | 05/20/1955
Cruz | Armand | female | blue | 04/18/1923
Velazquez | Phillip | male | yellow | 01/09/1921
Bradley | Ina | male | blue | 10/15/1908
Bryan | Darius | male | red | 09/02/1941
Roach | Ulysses | male | violet | 04/09/1973
Morris | Dean | male | violet | 07/03/1970
Hendrix | Kathleen | female | yellow | 01/13/1973
Haley | Rigel | male | indigo | 12/12/1970
Espinoza | Rylee | male | orange | 10/31/1968
Barron | Renee | female | indigo | 08/07/1952
Hebert | Armand | male | yellow | 08/31/1957
Farrell | Judah | male | green | 09/19/1921
Shaw | Heidi | male | indigo | 03/26/1937
Vazquez | Jonas | male | indigo | 12/17/1910
Mckinney | Kyla | male | yellow | 10/20/1966
Parsons | Lane | female | violet | 01/09/1902
Byers | Jakeem | male | yellow | 02/29/1992
Reed | Candice | female | yellow | 12/24/1946
Roberts | Debra | male | blue | 10/23/1931
Sherman | Wynter | female | orange | 06/11/1911
Meyers | Ishmael | male | green | 07/18/2011
Walsh | Alma | male | violet | 09/01/1909
Frye | Medge | male | yellow | 01/31/2009
Vazquez | Geraldine | male | blue | 10/07/1954
Buchanan | Chandler | male | orange | 07/03/1982
Odonnell | Miriam | male | yellow | 01/02/1998
Robles | David | male | blue | 09/15/1938
Valenzuela | Flynn | male | orange | 06/27/2004
Russell | Pearl | male | violet | 06/24/1929
Newton | Axel | female | violet | 12/01/1913
Burnett | Quentin | female | green | 01/09/1910
Johns | Ulla | female | red | 05/06/2007
Nicholson | Anika | male | indigo | 01/29/1943
Ramirez | Octavia | female | violet | 01/15/1916
Fleming | Lars | female | blue | 08/22/1999
Watson | Wade | male | violet | 12/10/1976
Bates | Kylan | female | indigo | 11/14/1915
Jennings | Maxine | male | blue | 03/14/1902
Horton | Wylie | male | blue | 09/09/1949
Barrera | Nero | female | green | 09/10/1995
Herring | Magee | male | indigo | 03/03/1979
Rollins | Ralph | male | blue | 06/20/1982
Casey | Cruz | female | green | 05/16/1998
Rich | Hamilton | female | indigo | 06/23/2017
Cline | Raja | male | green | 07/16/1989
Henderson | Kiayada | female | red | 05/22/1905
Miller | Vivian | male | green | 11/26/1916
Shields | Yen | male | green | 04/15/1935
Navarro | Veronica | female | orange | 01/26/1905
Davis | Doris | male | indigo | 05/15/1982
Perez | Dai | male | indigo | 09/23/1956
Burgess | Nasim | male | green | 08/10/1917
Miranda | Hilel | female | violet | 06/16/1992
Morrow | Jesse | male | yellow | 10/31/1998
Singleton | Lev | male | green | 03/26/2011
Schneider | Ivory | female | red | 04/07/1948
Berg | Carla | female | green | 08/22/1905
Lucas | Chava | female | blue | 12/02/2003
Lucas | Hanae | male | violet | 03/16/1915
Cochran | Chelsea | female | indigo | 02/28/1988
Molina | Claire | male | red | 02/15/1951
Bentley | Dillon | female | red | 02/05/1903
Albert | Zeph | male | orange | 08/31/1983
Farrell | Jesse | male | indigo | 09/09/1972
Ballard | Leila | male | indigo | 01/14/2004
Kramer | Martin | female | orange | 02/11/1932
Acosta | Illana | male | green | 10/06/1951
Gonzales | Chancellor | female | green | 03/27/1997
Ingram | Gavin | male | orange | 10/30/1914
Foster | Amethyst | female | red | 03/07/1970
Joyce | Guinevere | female | blue | 01/13/2016
Mccoy | Kelsey | male | orange | 11/15/1968
Guzman | Gay | female | yellow | 11/03/1900
Bates | Wesley | male | orange | 06/30/1924
Fletcher | Cecilia | male | blue | 09/01/1952
Bullock | Dolan | male | orange | 08/24/1938
Kim | Quincy | male | violet | 03/17/1993
English | Rinah | female | indigo | 01/08/1911
Moss | Hector | male | violet | 08/13/1943
Kline | Hilary | male | green | 02/20/1944
